city,title,price,location,area,building_area,bedrooms,bathrooms,garage
surabaya,"Dijual Rumah + Toko Strategis Utk Usaha SHM Rungkut, Surabaya","Rp 5,9 Miliar","Rungkut, Surabaya",: 404 m²,: 308 m²,4,4,
surabaya,Rumah Baru Pakuwon Indah Dekat Graha Dan Citraland,"Rp 6,9 Miliar","Pakuwon Indah, Surabaya",: 192 m²,: 350 m²,4,5,2
surabaya,Super Muraah!!! Minimalis Semi Furnished Citraland Surabaya Barat,"Rp 3,75 Miliar","Citraland, Surabaya",: 210 m²,: 300 m²,4,3,2
surabaya,Furnished!! Nyaman!! Rumah Royal Residence Wiyung Surabaya Barat,"Rp 2,65 MiliarRp 3.2MHEMAT 551 Jutaan","Wiyung, Surabaya",: 148 m²,: 191 m²,3,3,2
surabaya,Rumah Minimalis Baru Araya Galaxy Bumi Permai Dekat Merr & Manyar,"Rp 2,6 Miliar","Manyar, Surabaya",: 91 m²,: 120 m²,3,3,2
surabaya,"Rumah di Aruba Village, Grand Island Pakuwon City 2 Lt Furnished","Rp 4,9 Miliar","Pakuwon City, Surabaya",: 128 m²,: 175 m²,3,4,2
surabaya,Rumah 3 Lantai Siap Huni Lokasi Strategis di Gayungsari Pagesangan Sepanjang Perbatasan Surabaya - Sidoarjo,"Rp 3,3 Miliar","Gayungan, Surabaya",: 96 m²,: 204 m²,3,2,1
surabaya,Simpang Darmo Permai Selatan Hok 2lt,"Rp 4,5 Miliar","Darmo permai, Surabaya",: 355 m²,: 415 m²,5,4,2
surabaya,Rumah Jual Galaxy Bumi Permai Dekat Merr,"Rp 7,8 Miliar","Galaxy, Surabaya",: 375 m²,: 500 m²,5,4,2
surabaya,Lebar 9 Meter Daerah HR Muhammad Dian Istana Mayjen Sungkono dekat Graha Famili,"Rp 2,08 MiliarRp 2.3MHEMAT 220 Jutaan","Graha, Surabaya",: 90 m²,: 132 m²,3,3,2
surabaya,Langkah Rumah Murah Di Nginden Intan Timur Dekat Untag Surabaya,"Rp 1,7 Miliar","Semolowaru, Surabaya",: 144 m²,: 120 m²,4,2,1
surabaya,Jual Rumah 900jt An Perak Surabaya Dekat Pelabuhan Dan Tol,Rp 990 Juta,"Perak, Surabaya",: 136 m²,: 85 m²,3,2,
surabaya,"Rumah 3lt Dekat Merr, Abd Rahman Hakim Sby, Cocok U Rumah Kost Dll","Rp 3,6 Miliar","Sukolilo, Surabaya",: 240 m²,: 500 m²,6,3,2
surabaya,"Rumah Bagus HGB Ketintang, Surabaya, akses lokasi dekat jalan Tol",Rp 850 Juta,"Ketintang, Surabaya",: 25 m²,: 15 m²,3,2,1
surabaya,"Rumah Murah di Daerah Kenjeran, Surabaya",Rp 525 Juta,"Kenjeran, Surabaya",: 200 m²,: 180 m²,3,2,
surabaya,Rumah Pojokan Lebar 7 Di Perum Wonorejo One Gate System,Rp 640 Juta,"Rungkut Industri, Surabaya",: 70 m²,: 50 m²,2,1,
surabaya,Di Bawah Apraisal Bank Rumah 2 Lantai Dharmahusada Mas,"Rp 1,9 Miliar","Dharma Husada, Surabaya",: 120 m²,: 200 m²,4,4,
surabaya,Rumah 1 M-an Di Surabaya Purimas Lebar 6m Lokasi Strategis,"Rp 1,3 Miliar","Gununganyar, Surabaya",: 102 m²,: 80 m²,2,1,
surabaya,Termuraah!! Modern Minimalis 2 Lt Wisata Bukit Mas Surabaya Barat,Rp 3 MiliarRp 3.3MHEMAT 300 Jutaan,"Wisata Bukit Mas, Surabaya",: 180 m²,: 300 m²,4,3,2
surabaya,Rumah Minimalis Baru Wonorejo Rungkut SHM,Rp 640 JutaRp 690 JutaHEMAT 50 Jutaan,"Wonorejo, Surabaya",: 70 m²,: 50 m²,2,1,1
surabaya,"Dijual Rumah 2lt New Minimalis Di Mulyosari Utara, Surabaya","Rp 1,65 Miliar","Mulyosari, Surabaya",: 82 m²,: 115 m²,3,3,1
surabaya,Rumah Mewah bergaya minimalis modern di Surabaya Selatan,Rp 31 Miliar,"Wonocolo, Surabaya",: 1410 m²,: 722 m²,4,4,
surabaya,Buruan! Paling Murah Hitung Tanah! Citraland Utama Surabaya Barat,Rp 1 Miliar,"Citraland, Surabaya",: 96 m²,: 70 m²,2,1,1
surabaya,Buruan Viewing!! Muraah Puool!! Citraland Utama Surabaya Barat,"Rp 2,8 Miliar","Citraland, Surabaya",: 210 m²,: 150 m²,3,2,1
surabaya,Buruan!! Muraah!! Rumah Minimalis 2 Lt Royal Residence Surabaya,"Rp 2,6 Miliar","Wiyung, Surabaya",: 132 m²,: 200 m²,3,3,2
surabaya,Murah Rumah Mewah 3 Lantai Baru Citraland Dekat Pakuwon Dan Graha,"Rp 9,3 Miliar","Citraland, Surabaya",: 264 m²,: 600 m²,5,6,2
surabaya,Rumah Baru Minimalis 4 M-an Citraland Dkt Graha & Pakuwon Indah,"Rp 4,1 Miliar","Citraland, Surabaya",: 160 m²,: 250 m²,4,3,1
surabaya,Rumah Mewah Baru Berkonsep Villa Citraland Dekat Graha & Pakuwon,"Rp 12,9 Miliar","Citraland, Surabaya",: 391 m²,: 750 m²,6,7,4
surabaya,Rumah Baru American Style Citraland Dekat Graha Dan Pakuwon Indah,"Rp 4,9 Miliar","Citraland, Surabaya",: 150 m²,: 320 m²,4,5,2
surabaya,Miliki Rumah Lebar 9 Meter Wiyung Akses HR Muhammad dan Raya Wiyung Mayjend Sungkono,"Rp 2,08 MiliarRp 2.3MHEMAT 220 Jutaan","Wiyung, Surabaya",: 90 m²,: 132 m²,3,3,2
surabaya,"Jual Rumah Bagus Shm Di Diamond Hill, Citraland","Rp 5,8 MiliarRp 6.2MHEMAT 400 Jutaan","Citraland, Surabaya",: 276 m²,: 284 m²,4,3,2
surabaya,Jual Rumah Shm Baru Bagus Alam Hijau Citraland Surabaya,"Rp 6,85 Miliar","Citraland, Surabaya",: 210 m²,: 450 m²,4,3,2
surabaya,Rumah Cantik Dan Istimewa Di Woodland Citraland Surabaya,Rp 3 Miliar,"Citraland, Surabaya",: 135 m²,: 252 m²,4,3,1
surabaya,Murah Runah Gress Minimalis 2 Lt Citraland Dekat Pakuwon,"Rp 5,5 Miliar","Citraland, Surabaya",: 210 m²,: 340 m²,5,5,2
surabaya,Bangunan Minimalis 2.5 Lt Komersial Raya Citraland Graha Family,Rp 11 Miliar,"Citraland, Surabaya",: 330 m²,: 550 m²,4,3,2
surabaya,Rumah Premium Murah Industrial 2 Lt Citraland Depan Dekat Pakuwon,"Rp 5,8 Miliar","Citraland, Surabaya",: 210 m²,: 335 m²,5,5,2
surabaya,"Rumah Baru 2 Lt Murah Citraland North West Lake Surabaya Rumah Minimalis, Hdp Selatan Rumah di NORTH WEST LAKE Blok NF
NORTH CITRALAND
SURABAYA, Citraland","Rp 1,19 MiliarRp 1.2MHEMAT 30 Jutaan","Citraland, Surabaya",: 72 m²,: 69 m²,2,2,1
surabaya,Harga Damai Rumah Bagus Lokasi Dekat Wiyung Bangunan Premium,"Rp 1,12 Miliar","Wiyung, Surabaya",: 108 m²,: 125 m²,4,2,2
surabaya,Citraland. Cluster Kingstown. Minimalis.,"Rp 3,8 MiliarRp 4.2MHEMAT 400 Jutaan","Citraland, Surabaya",: 205 m²,: 260 m²,4,2,
surabaya,Dijual Rumah Greenwood Citraland,Rp 3 Miliar,"Citraland, Surabaya",: 210 m²,: 265 m²,4,5,
surabaya,Rumah Mewah 2 Lantai Perum Penjaringan Sari Merr Dekat Upn,Rp 770 JutaRp 880 JutaHEMAT 110 Jutaan,"Rungkut, Surabaya",: 40 m²,: 60 m²,2,2,2
surabaya,Rumah Mewah 2 Lantai Perumahan Dekat Transmart Rungkut Kampus Ubaya,"Rp 1,2 MiliarRp 1.2MHEMAT 30 Jutaan","Rungkut, Surabaya",: 75 m²,: 90 m²,3,2,2
surabaya,Rumah Mewah 2 Lantai Perumahan Rungkut Mapan,Rp 795 Juta,"Rungkut, Surabaya",: 50 m²,: 70 m²,3,2,2
surabaya,Rumah Mewah 2 Lantai Perum Rungkut Asri Barat,"Rp 1,35 Miliar","Rungkut, Surabaya",: 60 m²,: 75 m²,3,3,
surabaya,Rumah Cantik Dan Luas Wiguna,Rp 850 Juta,"Rungkut, Surabaya",: 107 m²,: 150 m²,4,2,1
surabaya,RUMAH SIAP HUNI FURNISHED DI VILLA BUKIT REGENCY PAKUWON INDAH,"Rp 7,73 Miliar","Pakuwon Indah, Surabaya",: 275 m²,: 400 m²,4,4,2
surabaya,MURAH LUAR CLUSTER Rumah Citraland Northwest Park Posisi Hook,"Rp 1,6 Miliar","Citraland, Surabaya",: 120 m²,: 100 m²,3,2,1
surabaya,"RUMAH SIAP HUNI DI ROYAL RESIDENCE, WIYUNG SURABAYA BARAT","Rp 6,5 Miliar","Wiyung, Surabaya",: 375 m²,: 450 m²,4,5,2
surabaya,Jual Rumah harga murah terbaru Rungkut Surabaya Timur,"Rp 2,55 Miliar","Rungkut, Surabaya",: 201 m²,: 220 m²,4,3,1
surabaya,"Rumah Bukit Palma Citraland Utara dekat Wiyung, Pakuwon Surabaya",Rp 690 Juta,"Citraland, Surabaya",: 60 m²,: 60 m²,2,1,
surabaya,"Rumah 2 Kamar di Gunung Anyar, Dekat MERR dan UPN",Rp 525 Juta,"Rungkut, Surabaya",: 72 m²,: 36 m²,2,1,1
surabaya,Rumah Bukit Golf Internasional Citraland Surabaya Semi Furnish Hadap Utara,Rp 11 Miliar,"Citraland, Surabaya",: 300 m²,: 500 m²,5,6,2
surabaya,"Rumah Siap Huni, 2,5 Lantai Di Griya Kebraon Maharaja Village Dalam Cluster One Gate","Rp 1,55 Miliar","Wiyung, Surabaya",: 105 m²,: 195 m²,4,3,
surabaya,Lelang Rumah Citraland Depan International Village,"Rp 2,52 MiliarRp 2.8MHEMAT 231 Jutaan","Citraland, Surabaya",: 210 m²,: 300 m²,4,2,
surabaya,Raya Bukit Golf Hit Tanah Golf View Samping,Rp 36 Miliar,"Citraland, Surabaya",: 1858 m²,: 350 m²,4,3,
surabaya,Jual Rumah Minimalis Siap Huni Dekat Mall & Rs,"Rp 1,2 Miliar","Wiyung, Surabaya",: 108 m²,: 102 m²,4,2,1
surabaya,Dijual Via Lelang Rumah Komplek Villa Valensia Sambikerep Surabaya,"Rp 1,42 Miliar","Wiyung, Surabaya",: 158 m²,: 100 m²,3,2,1
surabaya,Dijual Rumah Mewah Murah Woodland Citraland Surabaya.,"Rp 5,7 Miliar","Citraland, Surabaya",: 210 m²,: 360 m²,4,4,2
surabaya,Rumah 2 Lantai Lokasi Dekat Wiyung Dan Jalan Mastrip,"Rp 1,59 Miliar","Wiyung, Surabaya",: 90 m²,: 92 m²,3,2,1
surabaya,Rumah Di Ploso Timur Surabaya Dekat Komersial Area,Rp 600 Juta,"Surabaya Kota, Surabaya",: 48 m²,: 96 m²,3,1,1
surabaya,Rumah Cantik Nan Mewah Ada Kolam Renang Nya Di Royal Residen Surabaya,"Rp 7,5 Miliar","Wiyung, Surabaya",: 425 m²,: 450 m²,5,5,5
surabaya,Rumah Minimalus Siap Hunu Dekat Sekolah Citra Berkat,Rp 730 JutaRp 800 JutaHEMAT 70 Jutaan,"Citraland, Surabaya",: 60 m²,: 55 m²,2,1,1
surabaya,Dijual Rumah Mewah Full Furnished Lokasi Pakis Surabaya,"Rp 19,9 Miliar","Surabaya Kota, Surabaya",: 1030 m²,: 1300 m²,7,6,2
surabaya,Dijual Rumah Mewah Lokasi Graha Family Lengkap Dengan Pool Dan Semi Furnished,"Rp 43,5 Miliar","Surabaya Kota, Surabaya",: 900 m²,: 850 m²,5,5,1
surabaya,Dijual Rumah Mewah Baru Lokasi Cokroaminoto Surabaya,"Rp 17,5 Miliar","Surabaya Kota, Surabaya",: 580 m²,: 750 m²,6,8,2
surabaya,Dijual Via Lelang Rumah Lokasi Citraland International Village Surabaya,"Rp 2,53 Miliar","Citraland, Surabaya",: 210 m²,: 150 m²,3,2,1
surabaya,Rumah 2 Lantai SHM Murah Wonorejo Rungkut,Rp 587 Juta,"Rungkut, Surabaya",: 60 m²,: 64 m²,3,2,
surabaya,Rumah Modern Angsuran Murah Surabaya Barat,Rp 795 Juta,"Citraland, Surabaya",: 55 m²,: 65 m²,3,2,1
surabaya,Rumah Shm Murah Ready Unit Dekat Grand Pakuwon,Rp 298 Juta,"Tandes, Surabaya",: 24 m²,: 24 m²,2,2,1
surabaya,Rumah Lantai 300 Jutaan Lokasi Rungkut,Rp 450 Juta,"Rungkut, Surabaya",: 35 m²,: 36 m²,2,1,1
surabaya,Manalagi 5M dapat Rumah Bagus Siap Huni Di Somerset Citraland,"Rp 5,5 Miliar","Citraland, Surabaya",: 240 m²,: 390 m²,4,3,2
surabaya,Termurah Pakuwon City Palm Beach Dekat Grand Island San Antonio Aruba,"Rp 3,4 Miliar","Pakuwon City, Surabaya",: 170 m²,: 210 m²,3,3,1
surabaya,Rumah Northwest Lake Park Central Hill Citraland Surabaya Barat,"Rp 1,15 Miliar","Citraland, Surabaya",: 90 m²,: 85 m²,3,3,1
surabaya,Rumah Bukit Palma Northwest Lake Park Citraland Surabaya Barat,Rp 950 Juta,"Citraland, Surabaya",: 84 m²,: 114 m²,3,2,1
surabaya,Termurah 5 Mnt Merr Rumah Minimalis 2 Lantai Di Evergreen Sby,Rp 925 Juta,"Rungkut, Surabaya",: 90 m²,: 87 m²,4,3,2
surabaya,Termurah Furnish Siap Huni Di Puspa Raya Citraland Surabaya,"Rp 2,75 Miliar","Citraland, Surabaya",: 128 m²,: 200 m²,5,4,1
surabaya,Rumah Darmo Indah Timur 1.3 M Nego Surabaya Barat Strategis Murah,"Rp 1,3 Miliar","Darmo permai, Surabaya",: 108 m²,: 200 m²,4,2,
surabaya,Nirwana Regency Minimalis Galvalum harga Cengli,"Rp 1,95 Miliar","Rungkut, Surabaya",: 133 m²,: 133 m²,6,2,
surabaya,"Villa Taman Telaga Ii, Citraland Sby, Rumah 2 Lt Cluster Depan",Rp 4 Miliar,"Citraland, Surabaya",: 189 m²,: 190 m²,3,2,1
surabaya,Jual Rumah Citraland Telaga Utama Main Road Double Way,Rp 13 Miliar,"Citraland, Surabaya",: 480 m²,: 300 m²,4,4,2
surabaya,Rumah Siap Huni Modern Pakuwon City Surabaya Timur 2 Lantai,"Rp 1,8 Miliar","Pakuwon City, Surabaya",: 72 m²,: 79 m²,3,2,2
surabaya,Bukit Palma Blok C.sudah Galvalum Jual Cepat,Rp 799 Juta,"Citraland, Surabaya",: 84 m²,: 48 m²,2,1,1
surabaya,Rumah Di Dukuh Kupang Timur Lokasi Strategis Bangunan Bagus,"Rp 2,7 Miliar","Surabaya Kota, Surabaya",: 180 m²,: 225 m²,4,4,1
surabaya,Jual Rumah Citraland Bukitpalma Surabaya Barat,"Rp 1,02 Miliar","Surabaya Kota, Surabaya",: 72 m²,: 100 m²,3,2,1
surabaya,"Jual Rumah Hitung Tanah SHM 3 KT 3 KMRungkut, Surabaya","Rp 1,35 Miliar","Rungkut, Surabaya",: 200 m²,: 200 m²,3,3,1
surabaya,Rumah Baru 2 Lantai Subaya Timur Di Rungkut Shm,Rp 550 Juta,"Rungkut, Surabaya",: 50 m²,,,,
surabaya,Rumah Darmo Sentosa Raya Baru Renov Semi Furnish - TURUN HARGA,"Rp 3,3 MiliarRp 4MHEMAT 700 Jutaan","Wiyung, Surabaya",: 199 m²,: 210 m²,3,2,1
surabaya,Promo Rumah Murah Di Wonorejo Selatan Rungkut 3 Kamar Bagus,Rp 800 Juta,"Rungkut Industri, Surabaya",: 90 m²,: 60 m²,3,2,1
surabaya,Dijual Murah Via Lelang Rumah Dukuh Kupang Timur .cocok Buat Kos² An,"Rp 2,9 Miliar","Surabaya Kota, Surabaya",: 417 m²,: 417 m²,5,4,1
surabaya,Jual Rumah Araya 1 Main Road Limited Murah Nego Keras,"Rp 6,75 Miliar","Sukolilo, Surabaya",: 375 m²,: 500 m²,5,3,1
surabaya,Citraland Dekat Pasar,"Rp 2,1 Miliar","Surabaya Kota, Surabaya",: 131 m²,: 100 m²,3,2,1
surabaya,Rumah Baru Gress Full Furnish Terbaik Citraland Greenlake 4man,"Rp 4,4 Miliar","Wiyung, Surabaya",: 144 m²,: 163 m²,3,3,2
surabaya,Rumah Baru Minimalis Tropis Citraland Cluster Favorit 4 Kamar Hanya 4Man,"Rp 4,6 Miliar","Citraland, Surabaya",: 162 m²,: 255 m²,4,3,
surabaya,Rmh Pinggir Jln Raya Cocok Unt Usaha Manyar Kertoarjo Surabaya,Rp 14 MiliarRp 15MHEMAT 2 Miliaran,"Manyar, Surabaya",: 287 m²,: 200 m²,9,3,2
surabaya,"Murah, Rumah Siap Huni Di Manyar Tompotika, Dekat Raya Kertajaya","Rp 2,4 MiliarRp 2.6MHEMAT 250 Jutaan","Manyar, Surabaya",: 137 m²,: 150 m²,4,1,
surabaya,Di jual  Rumah 2 Lt Baru Renovasi Jl Dukuh Kupang Timur,"Rp 2,7 Miliar","Dukuh Kupang, Surabaya",: 180 m²,: 255 m²,3,4,2
surabaya,"Dijual Rumah Rungkut Mapan Siap Huni Dekat Masjid , Yakaya, Superindo Merr","Rp 1,2 Miliar","Rungkut, Surabaya",: 112 m²,: 200 m²,5,2,
surabaya,Dijual Rumah Siap Huni Murahhh di Purimas Dekat Merr,"Rp 1,15 Miliar","Rungkut, Surabaya",: 84 m²,: 69 m²,2,1,
surabaya,Rumah semifurnish siap huni dekat dengan akses tol,"Rp 3,3 MiliarRp 4MHEMAT 700 Jutaan","Dukuh Pakis, Surabaya",: 199 m²,: 210 m²,3,2,2
surabaya,RUMAH MINIMALIS DI SAN DIEGO PAKUWON CITY NEGO,"Rp 4,8 Miliar","Pakuwon City, Surabaya",: 200 m²,: 265 m²,5,4,
surabaya,Rumah MEWAH Mediterania Tropis Graha Famili Surabaya Barat,Rp 100 Miliar,"Graha, Surabaya",: 1470 m²,: 1000 m²,6,6,1
surabaya,"RUMAH DHARMAHUSADA INDAH BARAT SURABAYA G6508 ASSET MACET, CASH ONLY","Rp 7,1 Miliar","Dharma Husada, Surabaya",: 360 m²,: 700 m²,3,3,
surabaya,Rumah Siap Huni Grand Vivo Lempung Perdana Lontar Sambikerep,Rp 998 Juta,"Sambikerep, Surabaya",: 56 m²,: 80 m²,3,2,1
surabaya,Rumah Modern Pakuwon Indah Golf View Surabaya Barat,Rp 42 Miliar,"Pakuwon Indah, Surabaya",: 838 m²,: 1000 m²,4,5,2
surabaya,Rumah Mojokerto Subsidi Dekat Surabaya Akses Tol Terlaris Viral,Rp 166 Juta,"Surabaya Kota, Surabaya",: 66 m²,: 27 m²,2,1,1
surabaya,Rumah Di Citraland Utama Rumah Bagus Semi Furnished 10x20 Murah,Rp 4 Miliar,"Citraland, Surabaya",: 200 m²,: 350 m²,5,4,2
surabaya,"Rumah Royal Residence, Mewah, Siap Huni, Wiyung, Surabaya","Rp 8,5 Miliar","Wiyung, Surabaya",: 450 m²,: 450 m²,4,3,2
surabaya,Dijual Murah Rumah Siap Huni Medokan Ayu Utara Selangkah Ke Merr,Rp 450 Juta,"Rungkut, Surabaya",: 35 m²,: 35 m²,2,1,1
surabaya,"Rumah Modern, Murah, Perumahan Tengger - Manukan Surabaya Barat, Dekat Citraland",Rp 975 Juta,"Citraland, Surabaya",: 97 m²,: 97 m²,4,3,2
surabaya,Dijual Rumah Mewah Baru Gress Woodland Citraland,"Rp 5,8 Miliar","Citraland, Surabaya",: 210 m²,: 335 m²,4,4,1
surabaya,Dijual Rumah Medokan Ayu Area Rungkut Surabaya,"Rp 1,5 Miliar","Rungkut, Surabaya",: 112 m²,: 160 m²,2,1,2
surabaya,Dijual Cepat Rumah Murah Lokasi Pusat Kota Surabaya,Rp 850 Juta,"Surabaya Kota, Surabaya",: 67 m²,: 98 m²,3,2,1
surabaya,Dijual Cepat Rumah 2 Lantai Siap Huni di Gunung Anyar Surabaya,Rp 575 Juta,"Rungkut, Surabaya",: 40 m²,: 50 m²,2,2,1
surabaya,Dijual Rumah Siap Huni di Taman Puspa Raya Citraland Surabaya,"Rp 2,9 Miliar","Citraland, Surabaya",: 128 m²,: 200 m²,4,3,1
surabaya,Dijual Cepat Rumah di Jojoran dekat Kampus Unair,"Rp 2,6 Miliar","Surabaya Kota, Surabaya",: 81 m²,: 160 m²,2,2,1
surabaya,Rumah dekat UPN 2 Lantai SHM,Rp 750 Juta,"Rungkut, Surabaya",: 72 m²,: 45 m²,3,2,1
surabaya,Dijual Via Lelang Rumah Wisata Bukit Mas II Termurah,"Rp 3,7 Miliar","Wiyung, Surabaya",: 332 m²,: 423 m²,4,3,2
surabaya,Rumah Wisata Bukit Mas Siap Huni Padat Penduduk Row Jalan Lebar,Rp 3 Miliar,"Lidah Wetan, Surabaya",: 180 m²,: 275 m²,3,3,1
surabaya,Rumah Jl. Arjuna Harga Hitung Tanah Pusat Kota Row Jalan Besar,Rp 45 Miliar,"Sawahan, Surabaya",: 1630 m²,: 1000 m²,7,5,2
surabaya,Rumah Jl. Demak Selatan Kondisi Bagus! Cocok Buat Usaha Kost”an,"Rp 4,6 Miliar","Bubutan, Surabaya",: 300 m²,: 500 m²,8,5,1
surabaya,JUAL SIGNATURE HOME CITRALAND SURABAYA HIGH SPEC FINISHING,"Rp 12,9 Miliar","Citraland, Surabaya",: 391 m²,: 750 m²,7,8,2
surabaya,Rumah Gress Citraland.selangkah Gwalk.only 3man! Paling.murah,"Rp 3,95 Miliar","Citraland, Surabaya",: 150 m²,: 230 m²,4,3,
surabaya,Rumah.citraland.cluster Terdepan.favorit.paling.murah.di.kelasnya,"Rp 4,6 MiliarRp 5MHEMAT 391 Jutaan","Citraland, Surabaya",: 180 m²,: 250 m²,4,3,
surabaya,Rumah Citraland.utama.paling.worth It.only 2man.semi.furnish,"Rp 2,9 Miliar","Citraland, Surabaya",: 128 m²,: 180 m²,4,3,
surabaya,Rumah Termurah di Citraland Eastwood Adem Hadap Selatan Bangunan Terawat,"Rp 4,5 Miliar","Citraland, Surabaya",: 238 m²,: 350 m²,5,4,2
surabaya,Dijual Rumah Prambanan Residence Maharaja,"Rp 2,7 Miliar","Lakarsantri, Surabaya",: 162 m²,: 200 m²,5,2,
surabaya,Dijual Rumah Grand Pakuwon Canberra,"Rp 2,25 Miliar","Banyu Urip, Surabaya",: 90 m²,: 80 m²,4,2,
surabaya,Taman Puspa Raya Citraland Baru Renov Dkt Wiyung Pakuwon,"Rp 2,6 Miliar","Citraland, Surabaya",: 228 m²,: 130 m²,3,2,1
surabaya,Dijual Via Lelang Rumah Galaxy Bumi Permai Araya Surabaya,Rp 6 MiliarRp 6.9MHEMAT 880 Jutaan,"Surabaya Kota, Surabaya",: 375 m²,: 400 m²,4,3,2
surabaya,Dijual 3 Unit New Gress Minimalist Boulevard (jln Kembar),"Rp 2,6 Miliar","Semolowaru, Surabaya",: 91 m²,: 120 m²,4,3,1
surabaya,RUMAH PREMIUM MANYAR JAYA,Rp 7 Miliar,"Manyar, Surabaya",: 450 m²,: 700 m²,5,4,2
surabaya,"Rumah 2 Lantai Dekat Galaxy Mall Kampus Unair,its Sutorejo Sby","Rp 2,6 MiliarRp 2.8MHEMAT 250 Jutaan","Sutorejo, Surabaya",: 157 m²,: 258 m²,7,5,1
surabaya,Muraah Banget!! Terawat!! Segera Viewing!! Pakuwon Indah Surabaya,"Rp 5,25 Miliar","Pakuwon Indah, Surabaya",: 200 m²,: 270 m²,4,3,2
surabaya,Rumah Hitung Tanah Internasional Village Citraland Utama,"Rp 1,85 Miliar","Citraland, Surabaya",: 160 m²,: 102 m²,2,1,1
surabaya,"Palma Grandia, Citraland Utara, Sby, Dkt Superindo, Skolah Citra Berkat","Rp 1,6 Miliar","Citraland, Surabaya",: 136 m²,: 77 m²,4,3,2
surabaya,"Rumah Baru , Cantik& Siap Huni Di Jl. Modern Tengah Iii, Surabaya",Rp 875 Juta,"Rungkut, Surabaya",: 100 m²,: 70 m²,3,2,
surabaya,Dijual Rumah Taman Puspa Raya Citraland Utama Surabaya Barat,"Rp 3,35 MiliarRp 3.5MHEMAT 150 Jutaan","Citraland, Surabaya",: 144 m²,: 175 m²,4,4,2
surabaya,Rumah New Minimalis Di  Baruk Utara Hanya selangkah ke Raya MEER,"Rp 2,4 Miliar","Kedung Baruk, Surabaya",: 130 m²,: 160 m²,4,3,
surabaya,18 Juta Per Mtr ! Long Golf View Main Road Citraland Utama,Rp 35 Miliar,"Citraland, Surabaya",: 1898 m²,: 400 m²,5,3,2
malang,166 juta saja RUMAH SUBSIDI WAGIR DEKAT SUKUN,Rp 166 Juta,"Wagir, Malang",: 60 m²,: 25 m²,2,1,
malang,Rumah Baru Di Pandanwangi Sulfat Kec. Blimbing Kota Malang,Rp 699 Juta,"Blimbing, Malang",: 75 m²,: 50 m²,2,1,
malang,Rumah 2 Lantai Harga Murah di Bajang Ratu Dekat Kampus ABM,"Rp 1,5 Miliar","Malang Kota, Malang",: 175 m²,: 175 m²,3,3,1
malang,Rumah Baru Area Buah Buahan Langsep Buah-buahan Malang Kota,"Rp 3,65 Miliar","Buah-buahan, Malang",: 170 m²,: 320 m²,3,2,
malang,"Rumah Murah di Daerah Jabung, Malang",Rp 125 Juta,"Jabung, Malang",: 98 m²,: 98 m²,1,1,
malang,Murah Langka Ready Di Citraland Puncak Tidar Harga Bawah Pasar,"Rp 2,8 MiliarRp 2.9MHEMAT 100 Jutaan","Villa Puncak Tidar, Malang",: 135 m²,: 150 m²,2,3,2
malang,Murah Rumah Luas Tengah Kota Malang Strategis Bisa Untuk Gudang,Rp 4 Miliar,"Klojen, Malang",: 626 m²,: 400 m²,5,6,2
malang,Dijual Rumah Tirtasani Malang Semi Furnished,"Rp 1,35 Miliar","Karangploso, Malang",: 180 m²,: 95 m²,3,2,2
malang,"Beli Villa Gartis Kost dan Rumah, Garansi Passive Income","Rp 1,99 Miliar","Tlogomas, Malang",: 75 m²,: 132 m²,3,2,1
malang,Rumah Siap Huni Dekat Kampus Brawijaya Malang - Lokasi Super Strategis,"Rp 1,3 Miliar","Mojolangu, Malang",: 90 m²,: 90 m²,2,1,
malang,Rumah Dkt Kampus Ub Shm Cluster One Gate Nol Jln Di Lowokwaru,Rp 890 Juta,"Lowokwaru, Malang",: 80 m²,: 180 m²,5,3,1
malang,Rumah 2 Lantai Posisi Hook Siap Huni Di Poros Jalan Lokasi Strategis Di Tengah Kota,"Rp 5,3 Miliar","Malang Kota, Malang",: 190 m²,: 215 m²,4,3,1
malang,Murah Rumah Luas Di Graha Kencana Row Jalan Lebar Siap Huni,"Rp 2,5 Miliar","Blimbing, Malang",: 232 m²,: 190 m²,4,3,1
malang,Murah Mewah Di Perumahan Elite Araya Golf Malang Siap Huni,"Rp 2,8 MiliarRp 2.9MHEMAT 100 Jutaan","Araya, Malang",: 240 m²,: 400 m²,5,4,2
malang,Murah Langka Rumah Vintage Tengah Kota Malang Area Klojen Malang,Rp 23 Miliar,"Malang Kota, Malang",: 1153 m²,: 790 m²,5,3,4
malang,Baru Gress Mewah Minimalis Dekat Suhat Univ Brawijaya Full Furnis,"Rp 3,28 Miliar","Lowokwaru, Malang",: 140 m²,: 144 m²,4,3,1
malang,Murah Langka Tengah Kota Dekat Mog Dan Ijen Boulevard Strategis,Rp 13 Miliar,"Malang Kota, Malang",: 515 m²,: 250 m²,5,2,1
malang,Mewah Semi Furnish 2 Lantai Siap Huni Di Niew Indie Araya Malang,"Rp 4,97 Miliar","Araya, Malang",: 240 m²,: 350 m²,4,4,1
malang,Rumah Dekat Pintu Tol Singosari Malang Bagus Shm Siap Huni,Rp 950 Juta,"Arjosari, Malang",: 126 m²,: 130 m²,3,1,1
malang,Rumah Minimalis Megah Di Poros Araya Blimbing Malang,"Rp 7,5 Miliar","Araya, Malang",: 499 m²,: 355 m²,5,5,2
malang,Rumah Terawat Kokoh Tengah Kota Di Kawi Klojen Malang,"Rp 3,7 Miliar","Klojen, Malang",: 314 m²,: 250 m²,4,4,1
malang,Rumah Kos Eksklusif Lokasi Super Premium Dekat Dengan Kampus Umm,"Rp 1,34 Miliar","Tunggulwulung, Malang",: 70 m²,: 130 m²,7,7,2
malang,Rumah Vintage Terawat Di Area Ijen Gunung Gunung Klojen Malang,Rp 42 Miliar,"Klojen, Malang",: 900 m²,: 500 m²,8,4,2
malang,Rumah Siap Huni Dekat Perkantoran Kepanjen Kab Malang,Rp 550 Juta,"Kepanjen, Malang",: 108 m²,: 70 m²,3,1,1
malang,"Beli Kos 10 Kamar di Kota Malang, GRATIS Villa Mewah di Kota Batu","Rp 1,85 Miliar","Merjosari, Malang",: 75 m²,: 150 m²,10,10,1
malang,"Rumah Baru Desain Tropis Modern Area Strategis Malang Kota, Dekat Kampus & Pusat Kota",Rp 900 Juta,"Blimbing, Malang",: 91 m²,: 72 m²,3,2,1
malang,Rumah Siap Huni Dekat Bandara Abd Saleh Akses Jalan Lebar & Lokasi Nyaman,Rp 750 Juta,"Pakis, Malang",: 172 m²,: 200 m²,4,3,1
malang,Rumah Siap Huni Sawojajar Lokasi Strategis & Tenang Ideal untuk Pekerja Muda,"Rp 1,2 Miliar","Sawojajar, Malang",: 135 m²,: 120 m²,3,2,1
malang,JUAL CEPAT Toko Grosir Retail Aktif Sulfat Lengkap Dengan Manajemennya,"Rp 2,85 Miliar","Blimbing, Malang",: 268 m²,: 400 m²,3,5,2
malang,Rumah Full Furnish Selangkah Dari Exit Tol di Riverside Malang,"Rp 2,4 Miliar","Blimbing, Malang",: 266 m²,: 188 m²,2,2,
malang,Rumah 2 Lantai Full Furnish Dekat Cyber Mall di Istana Dieng,"Rp 2,9 Miliar","Dieng, Malang",: 192 m²,: 320 m²,4,5,
malang,Rumah Minimalis Bangunan Baru di Greenland Tidar Malang,Rp 884 JutaRp 933 JutaHEMAT 49 Jutaan,"Tidar, Malang",: 91 m²,: 52 m²,2,1,1
malang,Rumah Hook Klasik Semi Furnish di Bukit Dieng Malang,"Rp 3,9 Miliar","Dieng, Malang",: 390 m²,: 240 m²,4,3,
malang,Rumah Semi Furnish Cantik Kualitas Premium di Villa Puncak Tidar Malang,Rp 2 Miliar,"Villa Puncak Tidar, Malang",: 179 m²,: 135 m²,3,2,
malang,"Rumah cantik siap huni SHM plus kolam renang di pandanwangi, Sulfat, Malang","Rp 1,5 Miliar","Pandanwangi, Malang",: 96 m²,: 170 m²,4,3,1
malang,i087  Rumah Modern Sulfat Malang dekat Fasilitas Umum,"Rp 1,45 Miliar","Sulfat, Malang",: 144 m²,: 130 m²,4,3,1
malang,Rumah Mewah Klasik Full Furnish Araya Malang,"Rp 7,25 Miliar","Araya, Malang",: 540 m²,: 600 m²,6,6,1
malang,Rumah kos exclusive strategis dekat kampus ternama area merjosari,"Rp 2,65 Miliar","Lowokwaru, Malang",: 117 m²,: 225 m²,14,4,1
malang,Rumah Kost Eksklusif 18 kamar area jl candi mendut Soekarno hatta,"Rp 3,6 Miliar","Soekarno Hatta, Malang",: 105 m²,: 314 m²,18,19,1
malang,Jual Di Bawah Harga Pasar Vila Full Furnished jl Abdul Gani Batu,"Rp 2,5 Miliar","Batu, Malang",: 344 m²,: 230 m²,8,8,1
malang,Dijual Murah! Rumah Harga Tanah !! Di Jalan Kepulauan Malang,"Rp 2,3 Miliar","Klojen, Malang",: 225 m²,: 113 m²,3,1,1
malang,TURUN HARGA 1M !!  *Dijual Rumah Mewah di  Riverside Malang*,Rp 9 Miliar,"Blimbing, Malang",: 842 m²,: 450 m²,5,4,2
malang,Turun Harga! Rumah Mewah Perumahan Elite Araya Boulevard Malang,"Rp 7,25 Miliar","Blimbing, Malang",: 540 m²,: 600 m²,7,7,1
malang,"Rumah Bagus Di Jantung Kota Malang Dekat Pangkalan AL, Alun-alun, Pusat Perbelanjaan","Rp 1,75 Miliar","Klojen, Malang",: 177 m²,: 250 m²,3,2,1
malang,Rumah 200m² Tengah Kota Malang Dekat MCP & Kampus UNMER,"Rp 2,9 Miliar","Sukun, Malang",: 200 m²,: 145 m²,3,2,1
malang,Rumah Kos Terawat Kawasan Mahasiswa Malang Dekat UB & Polinema,Rp 2 Miliar,"Lowokwaru, Malang",: 120 m²,: 144 m²,9,9,1
malang,Rumah di Area Kos dan Kuliner Dekat Kampus Brawijaya,Rp 4 Miliar,"Lowokwaru, Malang",: 227 m²,: 175 m²,3,1,2
malang,Rumah Sultan di Araya Dekat Lapangan Golf Jual Cepat,"Rp 2,5 Miliar","Araya, Malang",: 300 m²,: 200 m²,3,2,1
malang,Langka! Rumah Posisi Pojok di Araya Hitung Tanah Jual Cepat,"Rp 1,5 Miliar","Araya, Malang",: 241 m²,: 150 m²,2,1,1
malang,Ixora Valley Araya Dekat Binus Malang,"Rp 3,55 Miliar","Araya, Malang",: 200 m²,: 227 m²,4,4,1
malang,Investasi Strategis! Rumah Baru Full Furnish Dekat UB & Kawasan Kuliner Malang,Rp 995 JutaRp 1.1MHEMAT 105 Jutaan,"Lowokwaru, Malang",: 72 m²,: 88 m²,3,2,1
malang,Rumah Dan Kos Kosan Dekat Universitas Muhammadiyah Malang di Malang Kota,"Rp 2,5 Miliar","Malang Kota, Malang",: 741 m²,: 346 m²,18,17,2
malang,"Kos Eksclusif Di Joyoagung, Lokasi Ramai Mahasiswa!","Rp 1,1 Miliar","Merjosari, Malang",: 75 m²,: 133 m²,10,10,1
malang,RUMAH MEWAH PREMIUM TROPICAL MODERN DI KLOJEN MALANG,Rp 20 Miliar,"Klojen, Malang",: 1108 m²,: 650 m²,6,5,3
malang,Dijual Rumah Kuno Belanda Terawat Daerah Gunung2 Dekat Ijen Murah,Rp 12 Miliar,"Malang Kota, Malang",: 784 m²,: 500 m²,5,3,4
malang,"Rumah Dijual Malang Kota Dekat Dieng, Tidar, Bandulan",Rp 500 Juta,"Malang Kota, Malang",: 72 m²,: 50 m²,2,1,1
malang,"Dijual Rumah Kost, Murah Turun Harga, Dekat Kampus di Malang, Candi Kalasan","Rp 2,25 Miliar","Malang Kota, Malang",: 254 m²,: 282 m²,18,17,4
malang,Dijual Rumah Tirtasani Malang Semi Furnished,"Rp 1,35 Miliar","Karangploso, Malang",: 180 m²,: 95 m²,3,2,2
malang,"Paling Murah Rumah Kolonial Belanda Jalan Tangkuban Perahu Malang,terawat,shm",Rp 12 MiliarRp 13.5MHEMAT 2 Miliaran,"Gunung-gunung, Malang",: 784 m²,: 500 m²,5,3,1
malang,RUMAH VINTAGE TERAWAT DAERAH IJEN BOULEVARD KLOJEN MALANG,Rp 42 Miliar,"Klojen, Malang",: 900 m²,: 500 m²,8,4,2
malang,"Rumah Modern Murah Di Jalan Buah-Buahan, Langsep Klojen Malang","Rp 2,3 Miliar","Klojen, Malang",: 236 m²,: 300 m²,6,2,
malang,Rumah Terawat Siap Huni Di Sawojajar,"Rp 1,2 Miliar","Sawojajar, Malang",: 143 m²,: 110 m²,3,2,1
malang,Rumah Dan Tanah Luas Di Jalan Bunga Kota Malang ✨,"Rp 4,1 Miliar","Malang Kota, Malang",: 400 m²,: 350 m²,4,2,1
malang,DIJUAL RUMAH TINGKAT MURAH FASILITAS LENGKAP DI KOTA MALANG,"Rp 1,1 Miliar","Sawojajar, Malang",: 105 m²,: 210 m²,7,5,
malang,"DIJUAL RUMAH BESAR ,TANAH LUAS DI PERUMAHAN ELIT SPRINGHILL GARDEN MALANG","Rp 3,1 Miliar","Sawojajar, Malang",: 242 m²,: 240 m²,7,4,4
malang,"Rumah Compact Modern, Estetik & Fungsional Untuk Generasi Muda",Rp 699 Juta,"Pandanwangi, Malang",: 75 m²,: 50 m²,2,1,1
malang,Rumah Bagus Minimalis Modern Dekat Umm Kampus 3,Rp 649 Juta,"Tunggulwulung, Malang",: 78 m²,: 40 m²,2,1,1
malang,Butuh Cepat Laku Dijual Rumah Terawat di Graha Mulia Raya Malang,"Rp 1,1 Miliar","Lowokwaru, Malang",: 70 m²,: 120 m²,3,2,1
malang,Rumah Cantik Terawat Di Green Orchid Lowokwaru Malang(ID1241),"Rp 2,35 Miliar","Lowokwaru, Malang",: 120 m²,: 110 m²,4,2,2
malang,"Rumah 2 Lantai Bangunan Baru Free AJB, dekat tol",Rp 945 Juta,"Kedungkandang, Malang",: 104 m²,: 72 m²,3,2,1
malang,Rumah Kost Premium Full Furnished 500 Meter Kampus UMM Malang Garansi Passive Income 2 Tahun!!!,"Rp 1,65 Miliar","Tunggulwulung, Malang",: 84 m²,: 133 m²,10,10,1
malang,V1 Dijual Rumah Siap Huni di Blok Terdepan Greenland Tidar Malang,"Rp 1,3 Miliar","Tidar, Malang",: 120 m²,: 70 m²,3,2,1
malang,Rumah Tinggal Tapak Jalak,Rp 913 Juta,"Lowokwaru, Malang",: 215 m²,: 163 m²,1,1,
malang,Rumah Tinggal The Oz Malang,Rp 850 Juta,"Dau, Malang",: 98 m²,: 52 m²,1,1,
malang,Rumah Tinggal Pandanwangi Malang,Rp 876 Juta,"Blimbing, Malang",: 120 m²,: 86 m²,1,1,
malang,Rumah Tinggal Magnesium,Rp 998 Juta,"Blimbing, Malang",: 94 m²,,,,
malang,Rumah Jalan Dr Cipto Malang Dekat Kampus Unbra,Rp 18 Miliar,"Klojen, Malang",: 1041 m²,: 900 m²,6,5,1
malang,Dijual Rumah Murah Siap Huni Dekat Exit Tol Malang,"Rp 1,5 Miliar","Arjosari, Malang",: 138 m²,: 100 m²,3,2,1
malang,Dijual/Disewakan Rumah Furnish Terawat di Permata Jingga Kota Malang,Rp 2 Miliar,"Soekarno Hatta, Malang",: 98 m²,: 150 m²,2,2,1
malang,Rumah Minimalis Modern Di Tasikmadu Lowokwaru Malang (ID1235),Rp 675 Juta,"Lowokwaru, Malang",: 78 m²,: 140 m²,3,2,1
malang,Rumah Tinggal Tapak Jalak,Rp 913 Juta,"Lowokwaru, Malang",: 215 m²,: 163 m²,1,1,
malang,Rumah Tinggal The Oz Malang,Rp 850 Juta,"Dau, Malang",: 98 m²,: 52 m²,1,1,
malang,Rumah Tinggal Pandanwangi Malang,Rp 876 Juta,"Blimbing, Malang",: 120 m²,: 86 m²,1,1,
malang,Rumah Tinggal Magnesium,Rp 998 Juta,"Blimbing, Malang",: 94 m²,,,,
malang,Rumah Jalan Dr Cipto Malang Dekat Kampus Unbra,Rp 18 Miliar,"Klojen, Malang",: 1041 m²,: 900 m²,6,5,1
malang,Dijual Rumah Murah Siap Huni Dekat Exit Tol Malang,"Rp 2,2 Miliar","Arjosari, Malang",: 138 m²,: 100 m²,3,2,1
malang,Dijual/Disewakan Rumah Furnish Terawat di Permata Jingga Kota Malang,Rp 2 Miliar,"Soekarno Hatta, Malang",: 98 m²,: 150 m²,2,2,1
malang,Rumah Minimalis Modern Di Tasikmadu Lowokwaru Malang (ID1235),Rp 675 Juta,"Lowokwaru, Malang",: 78 m²,: 140 m²,3,2,1
malang,Rumah Kos Minimalis Modern Dekat Ub Shm Full Anak Kost,"Rp 1,25 Miliar","Lowokwaru, Malang",: 80 m²,: 85 m²,5,5,2
malang,Harus Laku! Rumah Mewah Araya Malang Cluster Greenwood Golf Murah,"Rp 2,1 MiliarRp 2.4MHEMAT 251 Jutaan","Araya, Malang",: 162 m²,: 120 m²,4,2,1
malang,Mewah Full Furnish Di Suhat Malang Dekat Univ Brawijaya Strategis,"Rp 3,28 Miliar","Soekarno Hatta, Malang",: 140 m²,: 144 m²,4,3,1
malang,"Rumah Villa Malang Batu 360° View Semeru, Arjuno, Panderman",Rp 299 Juta,"Karangploso, Malang",: 72 m²,: 36 m²,2,1,2
malang,Rumah Baru 2 Lantai Siap Huni Di Jalan Ikan-Ikan Lowokwaru Malang,"Rp 1,2 Miliar","Lowokwaru, Malang",: 87 m²,: 92 m²,3,2,1
malang,Rumah + Rumah Kost Furnished Lokasi Strategis Di Daerah Soekarno Hatta,Rp 7 Miliar,"Lowokwaru, Malang",: 550 m²,: 1000 m²,38,38,2
malang,Murah Rumah Luas Tengah Kota Malang Area Sarangan Siap Pakai,"Rp 2,5 Miliar","Malang Kota, Malang",: 276 m²,: 136 m²,2,1,1
malang,Langka Boulevard Araya Golf Baru Gress 2 Lantai Termurah Di Araya,"Rp 3,35 Miliar","Araya, Malang",: 188 m²,: 260 m²,4,4,2
malang,Rumah Kos Bagus 3lantai Ful Perabot Di Jl. Soekarno Hatta Malang,"Rp 2,5 Miliar","Lowokwaru, Malang",: 103 m²,: 225 m²,19,19,
malang,Rumah Bagus Siap Huni di Sawojajar Malang GMK03314,"Rp 2,25 Miliar","Sawojajar, Malang",: 127 m²,: 240 m²,3,4,1
malang,Rumah Kost Exclusive 3 Lantai area Candi Mendut Suhat Kota Malang,"Rp 4,15 Miliar","Soekarno Hatta, Malang",: 150 m²,: 420 m²,18,19,2
malang,Rumah Mewah 6 Kamar Furnished Di Area Elite Araya,"Rp 7,25 Miliar","Araya, Malang",: 540 m²,: 600 m²,6,6,1
malang,"Hunian Nyaman di Araya, Dekat Mall & Kampus! Harga Hanya 1,45M","Rp 1,45 Miliar","Blimbing, Malang",: 170 m²,: 120 m²,3,2,1
malang,"Hunian Modern Dekat Kota Baru & Kampus Security 24 Jam, Harga di Bawah 500 Juta",Rp 440 Juta,"Karangploso, Malang",: 66 m²,: 38 m²,2,1,1
malang,"Miliki Rumah Modern Generasi Milenial Cemorokandang, Malang",Rp 150 Juta,"Cemorokandang, Malang",: 72 m²,: 36 m²,2,1,1
malang,Rumah Kost Malang Inden Bangun 10 kamar Selangkah UMM Malang,"Rp 1,7 MiliarRp 3MHEMAT 2 Miliaran","Tunggulwulung, Malang",: 84 m²,: 160 m²,10,10,1
malang,Rumah siap huni SHM di Dieng Malang,Rp 3 Miliar,"Dieng, Malang",: 340 m²,: 316 m²,5,4,1
malang,Rumah premium 2 lantai dekat pusat kota area sulfat blimbing,"Rp 1,17 Miliar","Sulfat, Malang",: 88 m²,: 100 m²,4,2,1
malang,Dijual Villa Premium 3 Menit Alun-Alun Kota Batu,Rp 850 Juta,"Batu, Malang",: 66 m²,: 80 m²,3,2,1
malang,"Rumah Borobudur Agung Luas 180 M2, Hitung Tanah,terawat Dekat Masjid, Shm","Rp 1,2 Miliar","Lowokwaru, Malang",: 180 m²,: 120 m²,2,1,1
malang,Rumah Siap Huni Kawasan Nyaman Sulfat Dekat RS Puri Bunda & Pusat Kota,Rp 850 Juta,"Blimbing, Malang",: 151 m²,: 70 m²,3,2,1
malang,Rumah Hitung Tanah di Pusat Kota Malang Lokasi Super Strategis Dekat UB & Soehat,"Rp 1,5 Miliar","Lowokwaru, Malang",: 224 m²,: 200 m²,6,2,1
malang,Rumah Furnished Modern di Perumahan Elit ARAYA Dekat BINUS & RS Persada,Rp 650 Juta,"Araya, Malang",: 60 m²,: 36 m²,2,1,1
malang,Rumah Elit Tidar Suasana Tenang & Nyaman Dekat Ma Chung & Elpico,"Rp 4,5 Miliar","Tidar, Malang",: 300 m²,: 320 m²,3,2,2
malang,Rumah Area Soehat Dekat Kampus & Kuliner Akses Mudah Lokasi Nyaman,Rp 825 JutaRp 900 JutaHEMAT 75 Jutaan,"Lowokwaru, Malang",: 74 m²,: 54 m²,2,2,1
malang,Rumah Klasik Mewah 405m² Full Furnish Di Indragiri Malang,"Rp 6,52 Miliar","Blimbing, Malang",: 405 m²,: 283 m²,4,3,2
malang,"Dijual Super Murah Rumah Luas Borobudur Malang Kota Blimbing Dekat Suhat, Kampus Ub, Hwa Ind, Perkantoran Cocok Untuk Hunian Dan Dibangun Kos. Depan Taman Shm Bisa Kpr","Rp 1,2 Miliar","Soekarno Hatta, Malang",: 180 m²,: 120 m²,2,1,1
malang,HOT PROPERTY ! LUAS 435 & DI BOULEVARD ARAYA!,Rp 3 Miliar,"Araya, Malang",: 435 m²,: 220 m²,4,3,
malang,Rumah Mewah 2 Lantai Hook di Permata Jingga Suhat Malang,Rp 7 Miliar,"Permata Jingga, Malang",: 556 m²,: 400 m²,5,3,3
malang,Dibawah Harga Pasar Dijual Rumah di Riverfront Kedungkandang Malang,Rp 699 Juta,"Kedungkandang, Malang",: 84 m²,: 46 m²,2,1,1
malang,Rumah Murah Siap Huni Di Pondok Blimbing Indah Araya Malang,Rp 950 Juta,"Blimbing, Malang",: 99 m²,: 100 m²,3,2,
malang,BANTING HARGA 1M ! Dijual Rumah Mewah di Araya Kota Malang,"Rp 7,5 Miliar","Araya, Malang",: 499 m²,: 355 m²,5,5,2
malang,V1 Dijual Rumah Siap Huni di Villa Bukit Sengkaling Malang,Rp 840 JutaRp 885 JutaHEMAT 45 Jutaan,"Sengkaling, Malang",: 128 m²,: 80 m²,2,1,2
malang,"Jual Rumah Bagus Unfurnished Permata Jaganti Dinoyo, Malang",Rp 699 Juta,"Dinoyo, Malang",: 60 m²,: 72 m²,2,2,1
malang,"Jual Sewa Rumah Unfurnished SHM di Pandanwangi Blimbing, Malang Kota",Rp 600 Juta,"Blimbing, Malang",: 73 m²,: 73 m²,2,1,1
malang,"Rumah Daerah Sulfat, Ada Halaman Belakang, Row Jalan Lebar, Hunian Nyaman",Rp 825 Juta,"Sulfat, Malang",: 120 m²,: 90 m²,2,1,1
malang,"Rumah Minimalis, Bangunan Baru, Lokasi Arjosari, Dekat Bina Bangsa School, Lingkungan Aman","Rp 1,29 Miliar","Arjosari, Malang",: 93 m²,: 89 m²,2,2,1
malang,"Rumah 2 Lt, Jual, Minimalis, Dekat Kampus Binus, Lingkungan Aman Nyaman Semi Furnished",Rp 450 Juta,"Araya, Malang",: 13 m²,: 27 m²,2,2,
malang,"Rumah Nyaman, Lokasi Dieng, Bangunan Bagus Terawat, Semi Furnished, Siap Huni",Rp 900 Juta,"Dieng, Malang",: 84 m²,: 60 m²,2,1,1
malang,"Rumah Minimalis, Lokasi Lawang, Free Canopy, Pagar, Bphtb, Bn, Balik Nama, Lingkungan Aman",Rp 390 Juta,"Lawang, Malang",: 60 m²,: 55 m²,2,2,1
malang,"Rumah Minimalis 2 Lantai, Daerah Tidar, Siap Huni, Lingkungan Aman Dan Tenang",Rp 850 Juta,"Tidar, Malang",: 85 m²,: 100 m²,3,3,1
malang,Dijual Rumah Di Kota Malang 10 Menit Dari Univ. Brawijaya Dieng,Rp 500 Juta,"Mulyorejo, Malang",: 72 m²,: 50 m²,2,1,1
malang,Rumah Terbaik Harga Terjangkau Di Malang Kota,Rp 480 Juta,"Malang Kota, Malang",: 75 m²,: 50 m²,2,1,1
malang,Rumah Murah Greenhills Residence Karangploso Murah,Rp 775 Juta,"Karangploso, Malang",: 72 m²,: 70 m²,2,2,1
malang,Rumah villa strategis dekat wisata dan pendidikan Malang dan Batu,Rp 477 Juta,"Dau, Malang",: 72 m²,: 36 m²,2,1,1
malang,Rumah Bagus Dalam Komplek Dekat Pintu Tol Singosari Malang,"Rp 1,3 Miliar","Singosari, Malang",: 120 m²,: 200 m²,3,2,4
malang,Rumah Nyaman di Komp Piranha Garden Lowokwaru Malang,Rp 880 Juta,"Lowokwaru, Malang",: 97 m²,: 75 m²,3,2,1
malang,"Dijual Rumah Bagus 2 Lantai di Jl. Danau Sentani, Malang","Rp 3,7 Miliar","Sawojajar, Malang",: 268 m²,: 268 m²,7,2,1
malang,Rumah murah 2 lantai siap huni lokasi strategis asrikaton pakis,Rp 775 Juta,"Pakis, Malang",: 101 m²,: 150 m²,5,3,1
malang,Rumah 2 lantai siap huni area tebo selatan sukun,Rp 900 Juta,"Sukun, Malang",: 218 m²,: 350 m²,5,3,1
malang,Rumah Kolonial Luas 676m2 Strategis Area Rampal Celaket Klojen,"Rp 2,5 Miliar","Klojen, Malang",: 676 m²,: 250 m²,5,3,1
malang,"Rumah Minim Renovasi Semi Furnished Pandanwangi, Malang",Rp 800 Juta,"Pandanwangi, Malang",: 74 m²,: 120 m²,3,3,
sidoarjo,Jual cepat Citra Harmoni Stamford ST10,Rp 820 Juta,"Sidoarjo, Sidoarjo",: 96 m²,: 73 m²,2,1,
sidoarjo,Dijual Via Lelang Rumah Hook Grand Delta Sari Anthurium,Rp 531 Juta,"Waru, Sidoarjo",: 133 m²,: 57 m²,2,1,2
sidoarjo,Dijual Rumah Minimalis Siap Huni Safira Garden Sidoarjo,Rp 675 JutaRp 750 JutaHEMAT 75 Jutaan,"Candi, Sidoarjo",: 90 m²,: 45 m²,2,1,1
sidoarjo,Rumah Baru 2 Lantai Puri Surya Jaya Siap Huni Sudah Renov Shm,Rp 899 Juta,"Gedangan, Sidoarjo",: 91 m²,: 70 m²,3,2,1
sidoarjo,Dijual Murah Via Lelang Rumah Taman Pondok Jati,Rp 250 Juta,"Sidoarjo, Sidoarjo",: 72 m²,: 72 m²,3,2,1
sidoarjo,Rumah KPR 300 Jutaan di Tengah Kota Dekat Samsat Sidoarjo,Rp 350 Juta,"Sidoarjo, Sidoarjo",: 60 m²,: 36 m²,2,1,1
sidoarjo,Dijual Murah Rumah BCF Sda Kota (Harga di bawah Pasaran),Rp 750 Juta,"Sidoarjo, Sidoarjo",: 174 m²,: 174 m²,2,2,
sidoarjo,Rumah 2 Lantai Juanda Harapan Permai Sidoarjo,Rp 930 Juta,"Sidoarjo, Sidoarjo",: 94 m²,: 48 m²,2,2,2
sidoarjo,"❌ Jual Cepat, Termurah Di Kelasnya❌ Rumah Minimalis Baru Renov Di Rewwin Waru Dekat Deltasari Pondok Candra Gayungan","Rp 1,4 MiliarRp 1.5MHEMAT 90 Jutaan","Waru, Sidoarjo",: 200 m²,: 180 m²,4,2,1
sidoarjo,Dijual Rumah Citra Harmoni Cluster Cambrige Full Furnished,"Rp 1,25 Miliar","Sidoarjo, Sidoarjo",: 72 m²,: 56 m²,2,1,1
sidoarjo,Rumah Bagus Alana Tambak Oso Tahap 1 Sidoarjo,Rp 1 Miliar,"Waru, Sidoarjo",: 90 m²,: 65 m²,4,2,1
sidoarjo,FOR SALE RUMAH NEW GRESS TROPICAL HOUSE PONDOK TJANDRA DEKAT BANDARA JUANDA SIDOARJO KOTA MA 412,"Rp 2,3 Miliar","Pondok Tjandra, Sidoarjo",: 200 m²,: 200 m²,3,2,2
sidoarjo,FOR SALE RUMAH 1 LANTAI STRATEGIS BANDARA JUANDA DI PONDOK TJANDRA SIDOARJO MA 401,"Rp 1,7 MiliarRp 1.9MHEMAT 150 Jutaan","Pondok Tjandra, Sidoarjo",: 150 m²,: 130 m²,4,3,1
sidoarjo,Rumah 2 Lantai Dekat Bandara Juanda Surabaya,"Rp 1,43 Miliar","Sidoarjo, Sidoarjo",: 168 m²,: 200 m²,6,5,1
sidoarjo,Dijual Cepat Rumah Asri Siap Huni Rumah Bagus,Rp 475 Juta,"Sidoarjo, Sidoarjo",: 98 m²,: 70 m²,3,1,1
sidoarjo,Murah Rumah 2 Lantai New ▪️ Juanda Harapan Permai - 0 Jln Raya Juanda Sidoarjo. Termurah. Rumah Baru.minimalis.,Rp 890 Juta,"Waru, Sidoarjo",: 94 m²,: 48 m²,2,2,2
sidoarjo,Rumah 1 Lantai Juanda Sidoarjo *permata Kwangsan* Ciamik Pol,Rp 390 Juta,"Sedati, Sidoarjo",: 90 m²,: 36 m²,2,1,1
sidoarjo,Dijual Rumah Siap Huni Pondok Tjandra Indah Sidoarjo,"Rp 1,19 Miliar","Waru, Sidoarjo",: 120 m²,: 60 m²,2,3,1
sidoarjo,Rumah Baru Dp 0% Cicilan 1 Jt Ann Balongbendo Sidoarjo,Rp 316 Juta,"Sidoarjo, Sidoarjo",: 72 m²,: 40 m²,2,1,1
sidoarjo,"Rumah Murah di Daerah Waru, Sidoarjo","Rp 1,12 Miliar","Waru, Sidoarjo",: 356 m²,: 356 m²,4,2,
sidoarjo,"Rumah Murah di Daerah Wonoayu, Sidoarjo",Rp 450 Juta,"Wonoayu, Sidoarjo",: 100 m²,: 80 m²,2,1,
sidoarjo,"Rumah Murah di Daerah Tanggulangin, Sidoarjo",Rp 187 Juta,"Tanggulangin, Sidoarjo",: 65 m²,: 65 m²,1,1,
sidoarjo,Rumah deltasari waru sidoarjo ready graha tirta unimas puri surya,"Rp 1,49 Miliar","Waru, Sidoarjo",: 135 m²,: 230 m²,6,4,2
sidoarjo,"Rumah Murah di Daerah Wonoayu, Sidoarjo",Rp 187 Juta,"Wonoayu, Sidoarjo",: 75 m²,: 75 m²,2,1,
sidoarjo,"Rumah Murah di Daerah Candi, Sidoarjo",Rp 450 Juta,"Candi, Sidoarjo",: 42 m²,: 42 m²,1,1,
sidoarjo,"Rumah Murah di Daerah Sidoarjo, Sidoarjo",Rp 337 Juta,"Sidoarjo, Sidoarjo",: 90 m²,: 72 m²,2,1,
sidoarjo,"Rumah Murah di Daerah Tulangan, Sidoarjo",Rp 150 Juta,"Tulangan, Sidoarjo",: 92 m²,: 50 m²,3,1,
sidoarjo,"Rumah Murah di Daerah Tulangan, Sidoarjo",Rp 637 Juta,"Tulangan, Sidoarjo",: 105 m²,: 50 m²,5,3,
sidoarjo,"Rumah Murah di Daerah Sukodono, Sidoarjo",Rp 676 Juta,"Sukodono, Sidoarjo",: 200 m²,: 180 m²,3,2,
sidoarjo,"Rumah Murah di Daerah Tanggulangin, Sidoarjo",Rp 337 Juta,"Tanggulangin, Sidoarjo",: 84 m²,: 85 m²,2,1,
sidoarjo,"Rumah Murah di Daerah Wonoayu, Sidoarjo",Rp 300 Juta,"Wonoayu, Sidoarjo",: 166 m²,: 60 m²,2,1,
sidoarjo,"Rumah Murah di Daerah Candi, Sidoarjo",Rp 525 Juta,"Candi, Sidoarjo",: 180 m²,: 160 m²,3,2,
sidoarjo,"Rumah Murah di Daerah Prambon, Sidoarjo",Rp 652 Juta,"Prambon, Sidoarjo",: 91 m²,: 36 m²,2,1,
sidoarjo,"Rumah Murah di Daerah Tarik, Sidoarjo",Rp 150 Juta,"Tarik, Sidoarjo",: 100 m²,: 50 m²,2,1,
sidoarjo,"Rumah Murah di Daerah Waru, Sidoarjo",Rp 825 Juta,"Waru, Sidoarjo",: 171 m²,: 150 m²,3,1,
sidoarjo,"Rumah Murah di Daerah Krian, Sidoarjo",Rp 337 Juta,"Krian, Sidoarjo",: 94 m²,: 22 m²,2,1,
sidoarjo,"Rumah Murah di Daerah Tanggulangin, Sidoarjo",Rp 412 Juta,"Tanggulangin, Sidoarjo",: 75 m²,: 75 m²,2,1,
sidoarjo,"Rumah Murah di Daerah Candi, Sidoarjo",Rp 255 Juta,"Candi, Sidoarjo",: 47 m²,: 47 m²,2,1,
sidoarjo,"Rumah Murah di Daerah Candi, Sidoarjo",Rp 487 Juta,"Candi, Sidoarjo",: 90 m²,: 36 m²,2,1,
sidoarjo,"Rumah Murah di Daerah Wonoayu, Sidoarjo",Rp 637 Juta,"Wonoayu, Sidoarjo",: 100 m²,: 70 m²,2,1,
sidoarjo,Rumah Di Raya Pondok Candra Hook Shm Hitung Tanah Murah,Rp 12 Miliar,"Pondok Tjandra, Sidoarjo",: 695 m²,: 600 m²,8,6,2
sidoarjo,BU dijual cepat rumah 2 LT,Rp 825 Juta,"Sidoarjo, Sidoarjo",: 147 m²,: 100 m²,4,2,1
sidoarjo,Amartha Safira Cluster Calandra Type 40/72 Sidoarjo Hadap Utara,Rp 635 Juta,"Sidoarjo, Sidoarjo",: 72 m²,: 40 m²,2,1,1
sidoarjo,"Aksesbilitas Tanpa Tanding! Rumah Idaman Di Lokasi Premium Delta Casabella- Waru, Sidoarjo✨","Rp 2,5 Miliar","Waru, Sidoarjo",: 234 m²,: 220 m²,4,2,2
sidoarjo,"❌ Baru Gress , Termurah❌ Rumah Cantik Di Rewwin Waru Dekat Deltasari","Rp 1,57 MiliarRp 1.7MHEMAT 110 Jutaan","Waru, Sidoarjo",: 200 m²,: 180 m²,5,2,1
sidoarjo,Rumah Tinggal Perum Banjar Mukti Residence,Rp 903 Juta,"Buduran, Sidoarjo",: 217 m²,: 66 m²,1,1,
sidoarjo,Rumah KPR 300 Jutaan di Tengah Kota Dekat Samsat Sidoarjo,Rp 350 Juta,"Sidoarjo, Sidoarjo",: 60 m²,: 36 m²,2,1,1
sidoarjo,Perumahan Mojokerto Subsidi Dekat Sidoarjo Akses Tol Viral,Rp 166 Juta,"Sidoarjo, Sidoarjo",: 66 m²,: 27 m²,2,1,1
sidoarjo,Kahuripan Nirwana Rumah Mewah Pusatkota Sidoarjo Strategis Nol Dp,"Rp 1,52 Miliar","Sidoarjo, Sidoarjo",: 84 m²,: 45 m²,2,1,1
sidoarjo,"Mutiara City Cluster Modena, 2 Lantai Murah, Pusat Kota Sidoarjo",Rp 970 Juta,"Sidoarjo, Sidoarjo",: 72 m²,: 52 m²,2,2,2
sidoarjo,Java Residence Rumah Murah Krian Wonoayu Taman Sidoarjo Kpr Dp 0,Rp 375 Juta,"Krian, Sidoarjo",: 90 m²,: 36 m²,2,1,1
sidoarjo,Rumah 2 Lantai Juanda Harapan Permai Sidoarjo,Rp 930 Juta,"Sidoarjo, Sidoarjo",: 94 m²,: 48 m²,2,2,2
sidoarjo,"❌ Jual Cepat, Termurah Di Kelasnya❌ Rumah Minimalis Baru Renov Di Rewwin Waru Dekat Deltasari Pondok Candra Gayungan","Rp 1,4 MiliarRp 1.5MHEMAT 90 Jutaan","Waru, Sidoarjo",: 200 m²,: 180 m²,4,2,1
sidoarjo,Dijual Rumah Citra Harmoni Cluster Cambrige Full Furnished,"Rp 1,25 Miliar","Sidoarjo, Sidoarjo",: 72 m²,: 56 m²,2,1,1
sidoarjo,Rumah Bagus Alana Tambak Oso Tahap 1 Sidoarjo,Rp 1 Miliar,"Waru, Sidoarjo",: 90 m²,: 65 m²,4,2,1
sidoarjo,FOR SALE RUMAH NEW GRESS TROPICAL HOUSE PONDOK TJANDRA DEKAT BANDARA JUANDA SIDOARJO KOTA MA 412,"Rp 2,3 Miliar","Pondok Tjandra, Sidoarjo",: 200 m²,: 200 m²,3,2,2
sidoarjo,Rumah 1 Lantai Juanda Sidoarjo *permata Kwangsan* Ciamik Pol,Rp 390 Juta,"Sedati, Sidoarjo",: 90 m²,: 36 m²,2,1,1
sidoarjo,"Rumah Mewah View Danau Di Sidoarjo Kota, Bunga Ringan, Undian Mobil","Rp 1,3 Miliar","Sidoarjo, Sidoarjo",: 90 m²,: 74 m²,2,1,2
sidoarjo,Rumah Baru Murah Lokasi Strategis Di Krian Siap Huni,Rp 378 Juta,"Krian, Sidoarjo",: 72 m²,: 36 m²,2,1,2
sidoarjo,"Rumah Siap Huni Di Sidoarjo Kota, Bebas Banjir, Free Dp, Undian Mobil",Rp 587 Juta,"Sidoarjo, Sidoarjo",: 72 m²,: 38 m²,2,1,2
sidoarjo,"Jeffry- DiJual Rumah di CITRA INDAH , Sidoarjo","Rp 1,8 Miliar","Sidoarjo, Sidoarjo",: 180 m²,: 209 m²,5,5,
sidoarjo,Rumah Baru Murah Lokasi Strategis Di Krian Siap Huni,Rp 378 Juta,"Krian, Sidoarjo",: 72 m²,: 36 m²,2,1,2
sidoarjo,"Rumah Mewah View Danau Di Sidoarjo Kota, Bunga Ringan, Undian Mobil","Rp 1,3 Miliar","Sidoarjo, Sidoarjo",: 90 m²,: 74 m²,2,1,2
sidoarjo,"Rumah Siap Huni Di Sidoarjo Kota, Bebas Banjir, Free Dp, Undian Mobil",Rp 587 Juta,"Sidoarjo, Sidoarjo",: 72 m²,: 38 m²,2,1,2
sidoarjo,"Rumah Baru 2 Lantai Shm, Lokasi Dekat Bandara Rumah","Rp 3,25 Miliar","Pondok Tjandra, Sidoarjo",: 162 m²,: 185 m²,4,3,2
sidoarjo,Dijual Murah Rumah Di Tambak Cemandi Sidoarjo,Rp 525 Juta,"Sedati, Sidoarjo",: 72 m²,: 40 m²,2,1,1
sidoarjo,Hasbanna Land Juanda Rumah 200 jutaan Sidoarjo,Rp 299 Juta,"Sedati, Sidoarjo",: 72 m²,: 18 m²,1,1,1
sidoarjo,Rumah di Krian Kasih Regency luas 112m SHGB Uang Muka 5 juta,Rp 675 Juta,"Krian, Sidoarjo",: 112 m²,: 55 m²,3,2,2
sidoarjo,Kasih Regency Tanah Luas 146m SHGB Uang Muka 5 juta UTJ 500k,Rp 559 Juta,"Krian, Sidoarjo",: 146 m²,: 36 m²,3,2,2
sidoarjo,Rumah di Krian Kasih Regency Tanah Luas 88m SHGB Uang Muka 5 juta,Rp 399 Juta,"Krian, Sidoarjo",: 88 m²,: 36 m²,3,2,2
sidoarjo,Full Furnished Kasih Regency luas 151m SHGB Uang Muka 5 juta,Rp 588 Juta,"Taman, Sidoarjo",: 151 m²,: 36 m²,3,2,2
sidoarjo,Kasih Regency Tanah Luas 146m SHGB Uang Muka 5 juta,Rp 500 Juta,"Krian, Sidoarjo",: 146 m²,: 36 m²,3,2,2
sidoarjo,"Sidoarjo, Di Jual Tanah Bonus Rumah SHM dengan Furniture","Rp 4,6 Miliar","Sidoarjo, Sidoarjo",: 659 m²,: 319 m²,5,2,2
sidoarjo,Rumah Shm Di Gedangan Puri Surya Jaya Dekat Akses Tol Dan Bandara,Rp 850 Juta,"Gedangan, Sidoarjo",: 90 m²,: 65 m²,3,2,1
sidoarjo,500 Jtan Dijual Rumah Baru Siap Huni**lokasi Griya Wagir Baru Kwangsan Sedati Sidoarjo*,Rp 550 Juta,"Sedati, Sidoarjo",: 96 m²,: 96 m²,2,1,1
sidoarjo,"Rumah Murah, Best Quality Di Krian View Taman Hijau Luas, Free Dp Dan All Biaya*",Rp 378 Juta,"Krian, Sidoarjo",: 72 m²,: 36 m²,2,1,1
sidoarjo,Rumah 400juta NEGO di SUKODONO Row Jalan 3 mobil SHM Siap Huni,Rp 400 Juta,"Sukodono, Sidoarjo",: 84 m²,: 40 m²,2,1,1
sidoarjo,"Rumah Mewah Sidoarjo Murah, Shojiland Tipe Baru, Lihat Pasti Suka",Rp 938 Juta,"Candi, Sidoarjo",: 78 m²,: 150 m²,3,2,2
sidoarjo,Rumah Kpr Murah Di Tulangan Sidoarjo Cicilan 1jutaan Free Biaya,Rp 345 Juta,"Tulangan, Sidoarjo",: 72 m²,: 36 m²,2,1,1
sidoarjo,Rumah Murah Sidoarjo Balongbendo Mojokerto Nol Raya Free Biaya,Rp 285 Juta,"Balongbendo, Sidoarjo",: 72 m²,: 36 m²,2,1,1
sidoarjo,FREE DP FREE ALL BIAYA 15 MENIT KE BUNDARAN WARU ANGSURAN 3JUTAAN,Rp 637 Juta,"Gedangan, Sidoarjo",: 90 m²,: 36 m²,2,1,2
sidoarjo,"Dkt Tol T1 ,juanda Griyo Mapan Sentosa Tropodo Komplek Perumahan",Rp 980 Juta,"Sidoarjo, Sidoarjo",: 60 m²,: 90 m²,3,3,1
sidoarjo,Jual Unit Grand Amarta Safira 2 Lantai Type Nevada Siap Huni,"Rp 1,1 Miliar","Candi, Sidoarjo",: 90 m²,: 95 m²,4,3,2
sidoarjo,DIJUAL CEPAT PONDOK TJANDRA SIDOARJO LUAS 150 M22,Rp 3 Miliar,"Pondok Tjandra, Sidoarjo",: 150 m²,: 170 m²,3,2,
sidoarjo,Rumah Usaha Terjangkau Di Sidoarjo,Rp 530 Juta,"Tanggulangin, Sidoarjo",: 130 m²,: 130 m²,3,2,1
sidoarjo,Rumah Murah Mewah Java Residence Hanya Dengan 3 Juta Saja,Rp 375 Juta,"Unimas Garden Waru , Sidoarjo",: 72 m²,: 36 m²,2,1,2
sidoarjo,Dijual Cepat Rumah Deltasari Indah Fullfurnished Lokasi Strategis,"Rp 1,5 Miliar","Waru, Sidoarjo",: 189 m²,: 150 m²,4,2,1
sidoarjo,Perumahan Jaya Harmoni Sidoarjo,Rp 890 Juta,"Sidokerto, Sidoarjo",: 83 m²,: 80 m²,4,2,1
sidoarjo,"Grand Sedati Regency ,rumah Baru 1lt Mepet Surabaya",Rp 490 Juta,"Sedati, Sidoarjo",: 72 m²,: 30 m²,2,1,1
sidoarjo,Soft Launching Rumah Tanpa Bunga Dan Tanpa Riba Sidoarjo,Rp 300 Juta,"Wonoayu, Sidoarjo",: 72 m²,: 30 m²,2,1,1
sidoarjo,Rumah Baru Dp Nol Alana Pondok Chandra Rungkut Juanda,Rp 300 Juta,"Sedati, Sidoarjo",: 72 m²,: 32 m²,2,1,1
sidoarjo,Deltasari Indah...turun Harga,Rp 690 Juta,"Waru, Sidoarjo",: 90 m²,: 70 m²,2,1,1
sidoarjo,Harga Damai Rumah Pondok Jati Mewah Hitung Tanah Dekat Dengan Tol,"Rp 2,45 Miliar","Sidoarjo, Sidoarjo",: 301 m²,: 450 m²,5,1,2
sidoarjo,Rumah Mewah 2 Lantai Di Perum Citra Garden Sidoarjo Kota,"Rp 2,7 Miliar","Sidoarjo, Sidoarjo",: 210 m²,: 400 m²,5,3,1
sidoarjo,Rumah Cantik Free Furnish Di Taman Wisata Tropodo Waru Sidoarjo,"Rp 1,1 Miliar","Waru, Sidoarjo",: 135 m²,: 80 m²,2,2,1
sidoarjo,Rumah Hitung Tanah Dekat Merr Di Pondok Candra Waru Sidoarjo,Rp 795 Juta,"Waru, Sidoarjo",: 140 m²,: 120 m²,3,1,1
sidoarjo,Dijual Cepat  Rumah Jl. Suko Legok- Sukodono - Sidoarjo*,Rp 650 Juta,"Sukodono, Sidoarjo",: 162 m²,: 50 m²,2,1,1
sidoarjo,*DiJual Rumah Graha Mutiara Sukodono-Sidoarjo*,Rp 550 Juta,"Sukodono, Sidoarjo",: 90 m²,: 57 m²,2,2,1
sidoarjo,Dijual Cepat Rumah Buduran Harga Kompromi Ayo Buruan,Rp 900 Juta,"Buduran, Sidoarjo",: 112 m²,: 105 m²,3,2,1
sidoarjo,Dijual Rumah Baru Belum Pernah Di Huni Pondok Candra,"Rp 2,25 Miliar","Waru, Sidoarjo",: 135 m²,: 150 m²,3,2,2
sidoarjo,Rumah Cicilan 2 JT-an Dekat Lingkar Timur,Rp 250 Juta,"Candi, Sidoarjo",: 72 m²,: 72 m²,2,2,1
sidoarjo,Nadira Village Rumah murah 400 Jutaan Sidoarjo,Rp 452 Juta,"Waru, Sidoarjo",: 72 m²,: 40 m²,2,1,1
sidoarjo,Alana Tambak Oso Harga 500 Jt An di Waru Sidoarjo,Rp 595 Juta,"Waru, Sidoarjo",: 32 m²,: 72 m²,2,1,1
sidoarjo,Dijual Rumah Grand Surya Sedati Juanda,Rp 625 Juta,"Sedati, Sidoarjo",: 90 m²,: 60 m²,2,1,
sidoarjo,Permata Kwangsan Residence Rumah Sidoarjo,Rp 478 JutaRp 493 JutaHEMAT 16 Jutaan,"Waru, Sidoarjo",: 36 m²,: 90 m²,2,1,1
sidoarjo,"Alana Tambak Oso New Cluster Tahap 3 Waru, Sidoarjo",Rp 595 JutaRp 655 JutaHEMAT 60 Jutaan,"Waru, Sidoarjo",: 72 m²,: 32 m²,2,1,1
sidoarjo,"Alana Tambak Oso Tahap 3, Rumah Strategis Waru , Sidoarjo",Rp 595 Juta,"Waru, Sidoarjo",: 72 m²,: 32 m²,2,1,1
sidoarjo,"Rmh 2 Lantai,lokasi Tengah Kota Sidoarjo* Dekat Rs. Siti Hajar, Bank2 Besar,",Rp 950 Juta,"Sidoarjo, Sidoarjo",: 120 m²,: 200 m²,4,2,
sidoarjo,Rumah Bagus Di Sidoarjo.sudah Full Renov,"Rp 1,7 Miliar","Sidoarjo, Sidoarjo",: 150 m²,: 200 m²,5,3,
sidoarjo,Rumah Shm Bagus Di Krian Dekat Water Pack Krian,Rp 575 Juta,"Krian, Sidoarjo",: 105 m²,: 40 m²,2,1,
sidoarjo,Rumah Bagus Shm Imb Di Rewwin Waru Sidoarjo,Rp 975 Juta,"Waru, Sidoarjo",: 66 m²,: 185 m²,3,3,
sidoarjo,Rumah Di Sidaorjo Dekat Lippo Mall.dekat Tol.sidoarjo,Rp 500 Juta,"Sidoarjo, Sidoarjo",: 78 m²,: 36 m²,2,1,
sidoarjo,Garden Estate Harga 700 Jutaan di Sidoarjo,Rp 770 Juta,"Sidoarjo, Sidoarjo",: 90 m²,: 36 m²,2,1,1
sidoarjo,Green Village Banjarbendo Sidoarjo,Rp 675 Juta,"Sidoarjo, Sidoarjo",: 91 m²,: 95 m²,3,3,1
sidoarjo,Ryan Pratama Regency Sidoarjo,Rp 525 Juta,"Sidoarjo, Sidoarjo",: 90 m²,: 65 m²,2,1,
sidoarjo,Dijual Rumah Cepat Rumah Mewah Murah Siap Huni Sidoarjo,Rp 565 Juta,"Sidoarjo, Sidoarjo",: 91 m²,: 45 m²,2,1,1
sidoarjo,Dijual Rumah Lokasi Dekat Puskesmas Kebonagung Sukodono,Rp 520 Juta,"Sukodono, Sidoarjo",: 105 m²,: 45 m²,2,1,1
sidoarjo,Dijual Rumah Perum Safira Garden Cluster Sidoarjo,Rp 900 Juta,"Sidoarjo, Sidoarjo",: 90 m²,: 42 m²,2,1,1
sidoarjo,"Dijual Rumah 2 Lantai Permata Sukodono, Sidoarjo","Rp 1,15 Miliar","Sidoarjo, Sidoarjo",: 127 m²,: 184 m²,4,4,1
sidoarjo,Dijual Via Lelang Rumah Citra Harmoni Cluster New York Sidoarjo,Rp 800 Juta,"Sidoarjo, Sidoarjo",: 120 m²,: 69 m²,2,1,2
sidoarjo,Taman Tiara Regency New Age Cluster Sda,"Rp 1,25 Miliar","Buduran, Sidoarjo",: 153 m²,: 115 m²,3,2,
sidoarjo,Rumah Asset Lelang Perum Suko Sidoarjo Lokasi Asri Dan Strategis,Rp 660 Juta,"Sidoarjo, Sidoarjo",: 240 m²,: 240 m²,3,1,
sidoarjo,Rumah Siap Huni Di Grand Aloha Regency,"Rp 1,45 Miliar","Sidoarjo, Sidoarjo",: 120 m²,: 120 m²,3,2,1
sidoarjo,"Rumah Baru Murah Dekat Bandara Juanda di Perumahan The Cemandi, Jl. Raya Kalanganyar, Kalanganyar, Sedati, Sidoarjo, Jawa Timur, Indonesia, 61253, Sedati",Rp 380 Juta,"Sedati, Sidoarjo",: 72 m²,: 40 m²,2,1,1
sidoarjo,Rumah Murah Di Kota Mandiri Investasi Masa Depan. Cari Lokasi Lain ? Wa Saya Aja.,Rp 570 Juta,"Pondok Tjandra, Sidoarjo",: 72 m²,: 39 m²,3,1,1
sidoarjo,Shaistanaya City,Rp 587 JutaRp 640 JutaHEMAT 53 Jutaan,"Candi, Sidoarjo",: 72 m²,: 38 m²,2,1,1
sidoarjo,Jeonju City,Rp 399 Juta,"Candi, Sidoarjo",: 72 m²,: 36 m²,2,1,1
sidoarjo,Java Residence Krian,Rp 396 JutaRp 500 JutaHEMAT 104 Jutaan,"Krian, Sidoarjo",: 75 m²,: 36 m²,2,1,
sidoarjo,Dijual Rumah Perum Safira Garden Cluster Sidoarjo,Rp 900 Juta,"Sidoarjo, Sidoarjo",: 90 m²,: 42 m²,2,1,1
sidoarjo,"Dijual Rumah 2 Lantai Permata Sukodono, Sidoarjo","Rp 1,15 Miliar","Sidoarjo, Sidoarjo",: 127 m²,: 184 m²,4,4,1
sidoarjo,Dijual Via Lelang Rumah Citra Harmoni Cluster New York Sidoarjo,Rp 800 Juta,"Sidoarjo, Sidoarjo",: 120 m²,: 69 m²,2,1,2
sidoarjo,Dijual Rumah Citra Harmoni Trosobo Sidoarjo,Rp 915 Juta,"Sidoarjo, Sidoarjo",: 90 m²,: 75 m²,2,1,1
sidoarjo,Dijual Via Lelang Rumah Perum Amarta Safira Sidoarjo,Rp 306 Juta,"Sidoarjo, Sidoarjo",: 72 m²,: 72 m²,3,1,1
sidoarjo,Dijual Rumah Pondok Jati Dekat Rs Delta Surya,"Rp 1,7 Miliar","Sidoarjo, Sidoarjo",: 154 m²,: 81 m²,3,2,2
sidoarjo,Dijual Cepat Rumah Buduran Sidoarjo Harga Bisa Nego,Rp 900 Juta,"Sidoarjo, Sidoarjo",: 112 m²,: 105 m²,3,2,1
sidoarjo,Dijual Rumah Pondok Tjandra Sidoarjo Dekat Bandara,Rp 725 Juta,"Sidoarjo, Sidoarjo",: 90 m²,: 90 m²,2,1,1
sidoarjo,Dijual Rumah Full Furnished Puri Surya Juanda,"Rp 1,65 Miliar","Sidoarjo, Sidoarjo",: 128 m²,: 200 m²,3,2,1
sidoarjo,Dijual Cepat Rumah Daerah Legok Sukodono Sidoarjo,Rp 550 Juta,"Sidoarjo, Sidoarjo",: 162 m²,: 50 m²,2,1,1
sidoarjo,Dijual Rumah Mewah 2 Lantai Daerah Sidoarjo,"Rp 1,1 Miliar","Sidoarjo, Sidoarjo",: 120 m²,: 220 m²,4,2,2
sidoarjo,Dijual Via Lelang Rumah Taman Pondok Jati Sidoarjo,Rp 750 Juta,"Sidoarjo, Sidoarjo",: 84 m²,: 125 m²,3,2,1
